time_window_days,domain,model,seed,metric,value,crime_group,date_bucket,slice
7,chicago_2025,baseline_persistence,0,auc,0.9369264744301483,,,overall
7,chicago_2025,baseline_persistence,0,f1,0.6938775510204082,,,overall
7,chicago_2025,baseline_persistence,0,recall,0.6967213114754098,,,overall
7,chicago_2025,baseline_persistence,0,precision,0.6910569105691057,,,overall
7,chicago_2025,logistic_regression,0,auc,0.9542036770948992,,,overall
7,chicago_2025,logistic_regression,0,f1,0.7449664429530202,,,overall
7,chicago_2025,logistic_regression,0,recall,0.9098360655737705,,,overall
7,chicago_2025,logistic_regression,0,precision,0.6306818181818182,,,overall
7,chicago_2025,lstm,0,auc,0.9268663052707203,,,overall
7,chicago_2025,lstm,0,f1,0.6841186736474695,,,overall
7,chicago_2025,lstm,0,recall,0.8032786885245902,,,overall
7,chicago_2025,lstm,0,precision,0.5957446808510638,,,overall
7,chicago_2025,random_forest,0,auc,0.9514115668473646,,,overall
7,chicago_2025,random_forest,0,f1,0.7529880478087648,,,overall
7,chicago_2025,random_forest,0,recall,0.7745901639344263,,,overall
7,chicago_2025,random_forest,0,precision,0.7325581395348837,,,overall
7,nibrs,baseline_persistence,0,auc,0.9982853363943279,,,overall
7,nibrs,baseline_persistence,0,f1,0.9420209828823854,,,overall
7,nibrs,baseline_persistence,0,recall,0.9509476031215162,,,overall
7,nibrs,baseline_persistence,0,precision,0.9332603938730853,,,overall
7,nibrs,logistic_regression,0,auc,0.92624648829149,,,overall
7,nibrs,logistic_regression,0,f1,0.641566265060241,,,overall
7,nibrs,logistic_regression,0,recall,0.47491638795986624,,,overall
7,nibrs,logistic_regression,0,precision,0.988399071925754,,,overall
7,nibrs,lstm,0,auc,0.9855922190817485,,,overall
7,nibrs,lstm,0,f1,0.45829823083403537,,,overall
7,nibrs,lstm,0,recall,0.3032329988851728,,,overall
7,nibrs,lstm,0,precision,0.9379310344827586,,,overall
7,nibrs,random_forest,0,auc,0.9969075414779636,,,overall
7,nibrs,random_forest,0,f1,0.9527027027027029,,,overall
7,nibrs,random_forest,0,recall,0.9431438127090301,,,overall
7,nibrs,random_forest,0,precision,0.962457337883959,,,overall
7,chicago_2025,baseline_persistence,1,auc,0.9369264744301483,,,overall
7,chicago_2025,baseline_persistence,1,f1,0.6938775510204082,,,overall
7,chicago_2025,baseline_persistence,1,recall,0.6967213114754098,,,overall
7,chicago_2025,baseline_persistence,1,precision,0.6910569105691057,,,overall
7,chicago_2025,logistic_regression,1,auc,0.9545914701848346,,,overall
7,chicago_2025,logistic_regression,1,f1,0.7607573149741825,,,overall
7,chicago_2025,logistic_regression,1,recall,0.9057377049180327,,,overall
7,chicago_2025,logistic_regression,1,precision,0.655786350148368,,,overall
7,chicago_2025,lstm,1,auc,0.917091878388087,,,overall
7,chicago_2025,lstm,1,f1,0.6761565836298933,,,overall
7,chicago_2025,lstm,1,recall,0.7786885245901639,,,overall
7,chicago_2025,lstm,1,precision,0.5974842767295597,,,overall
7,chicago_2025,random_forest,1,auc,0.9521708248971329,,,overall
7,chicago_2025,random_forest,1,f1,0.7622789783889979,,,overall
7,chicago_2025,random_forest,1,recall,0.7950819672131147,,,overall
7,chicago_2025,random_forest,1,precision,0.7320754716981132,,,overall
7,nibrs,baseline_persistence,1,auc,0.9982853363943279,,,overall
7,nibrs,baseline_persistence,1,f1,0.9420209828823854,,,overall
7,nibrs,baseline_persistence,1,recall,0.9509476031215162,,,overall
7,nibrs,baseline_persistence,1,precision,0.9332603938730853,,,overall
7,nibrs,logistic_regression,1,auc,0.848996357541982,,,overall
7,nibrs,logistic_regression,1,f1,0.49202350965575137,,,overall
7,nibrs,logistic_regression,1,recall,0.326644370122631,,,overall
7,nibrs,logistic_regression,1,precision,0.9965986394557823,,,overall
7,nibrs,lstm,1,auc,0.8993919078136109,,,overall
7,nibrs,lstm,1,f1,0.31719532554257096,,,overall
7,nibrs,lstm,1,recall,0.5295429208472687,,,overall
7,nibrs,lstm,1,precision,0.22640610104861772,,,overall
7,nibrs,random_forest,1,auc,0.996687858014776,,,overall
7,nibrs,random_forest,1,f1,0.9506726457399104,,,overall
7,nibrs,random_forest,1,recall,0.9453734671125975,,,overall
7,nibrs,random_forest,1,precision,0.9560315670800451,,,overall
7,chicago_2025,baseline_persistence,2,auc,0.9369264744301483,,,overall
7,chicago_2025,baseline_persistence,2,f1,0.6938775510204082,,,overall
7,chicago_2025,baseline_persistence,2,recall,0.6967213114754098,,,overall
7,chicago_2025,baseline_persistence,2,precision,0.6910569105691057,,,overall
7,chicago_2025,logistic_regression,2,auc,0.9542730716478349,,,overall
7,chicago_2025,logistic_regression,2,f1,0.7620689655172413,,,overall
7,chicago_2025,logistic_regression,2,recall,0.9057377049180327,,,overall
7,chicago_2025,logistic_regression,2,precision,0.6577380952380952,,,overall
7,chicago_2025,lstm,2,auc,0.9367652341453856,,,overall
7,chicago_2025,lstm,2,f1,0.7191413237924865,,,overall
7,chicago_2025,lstm,2,recall,0.8237704918032787,,,overall
7,chicago_2025,lstm,2,precision,0.638095238095238,,,overall
7,chicago_2025,random_forest,2,auc,0.9528361961988113,,,overall
7,chicago_2025,random_forest,2,f1,0.767716535433071,,,overall
7,chicago_2025,random_forest,2,recall,0.7991803278688525,,,overall
7,chicago_2025,random_forest,2,precision,0.7386363636363636,,,overall
7,nibrs,baseline_persistence,2,auc,0.9982853363943279,,,overall
7,nibrs,baseline_persistence,2,f1,0.9420209828823854,,,overall
7,nibrs,baseline_persistence,2,recall,0.9509476031215162,,,overall
7,nibrs,baseline_persistence,2,precision,0.9332603938730853,,,overall
7,nibrs,logistic_regression,2,auc,0.9020952034920463,,,overall
7,nibrs,logistic_regression,2,f1,0.55,,,overall
7,nibrs,logistic_regression,2,recall,0.3801560758082497,,,overall
7,nibrs,logistic_regression,2,precision,0.9941690962099126,,,overall
7,nibrs,lstm,2,auc,0.8828260574413226,,,overall
7,nibrs,lstm,2,f1,0.2770346860122421,,,overall
7,nibrs,lstm,2,recall,0.6811594202898551,,,overall
7,nibrs,lstm,2,precision,0.1738759248719408,,,overall
7,nibrs,random_forest,2,auc,0.9968791560471969,,,overall
7,nibrs,random_forest,2,f1,0.9490196078431373,,,overall
7,nibrs,random_forest,2,recall,0.9442586399108138,,,overall
7,nibrs,random_forest,2,precision,0.9538288288288288,,,overall
7,chicago_2025,baseline_persistence,0,f1,0.0,,2024-12,temporal
7,chicago_2025,baseline_persistence,0,f1,0.3529411764705882,,2025-01,temporal
7,chicago_2025,baseline_persistence,0,f1,0.5,,2025-02,temporal
7,chicago_2025,baseline_persistence,0,f1,0.5,,2025-03,temporal
7,chicago_2025,baseline_persistence,0,f1,0.6818181818181819,,2025-04,temporal
7,chicago_2025,baseline_persistence,0,f1,0.6923076923076923,,2025-05,temporal
7,chicago_2025,baseline_persistence,0,f1,0.8433734939759037,,2025-06,temporal
7,chicago_2025,baseline_persistence,0,f1,0.7941176470588236,,2025-07,temporal
7,chicago_2025,baseline_persistence,0,f1,0.6274509803921569,,2025-08,temporal
7,chicago_2025,baseline_persistence,0,f1,0.75,,2025-09,temporal
7,chicago_2025,baseline_persistence,0,f1,0.7777777777777777,,2025-10,temporal
7,chicago_2025,baseline_persistence,0,f1,0.47058823529411764,,2025-11,temporal
7,chicago_2025,baseline_persistence,0,f1,0.25,,2025-12,temporal
7,chicago_2025,logistic_regression,0,f1,0.0,,2024-12,temporal
7,chicago_2025,logistic_regression,0,f1,0.6363636363636365,,2025-01,temporal
7,chicago_2025,logistic_regression,0,f1,0.6666666666666666,,2025-02,temporal
7,chicago_2025,logistic_regression,0,f1,0.5128205128205129,,2025-03,temporal
7,chicago_2025,logistic_regression,0,f1,0.7142857142857143,,2025-04,temporal
7,chicago_2025,logistic_regression,0,f1,0.7878787878787878,,2025-05,temporal
7,chicago_2025,logistic_regression,0,f1,0.9130434782608696,,2025-06,temporal
7,chicago_2025,logistic_regression,0,f1,0.8648648648648648,,2025-07,temporal
7,chicago_2025,logistic_regression,0,f1,0.7575757575757575,,2025-08,temporal
7,chicago_2025,logistic_regression,0,f1,0.7999999999999999,,2025-09,temporal
7,chicago_2025,logistic_regression,0,f1,0.7272727272727273,,2025-10,temporal
7,chicago_2025,logistic_regression,0,f1,0.35714285714285715,,2025-11,temporal
7,chicago_2025,logistic_regression,0,f1,0.3333333333333333,,2025-12,temporal
7,chicago_2025,lstm,0,f1,0.0,,2024-12,temporal
7,chicago_2025,lstm,0,f1,0.5714285714285714,,2025-01,temporal
7,chicago_2025,lstm,0,f1,0.5882352941176471,,2025-02,temporal
7,chicago_2025,lstm,0,f1,0.26086956521739135,,2025-03,temporal
7,chicago_2025,lstm,0,f1,0.55,,2025-04,temporal
7,chicago_2025,lstm,0,f1,0.7301587301587301,,2025-05,temporal
7,chicago_2025,lstm,0,f1,0.8750000000000001,,2025-06,temporal
7,chicago_2025,lstm,0,f1,0.8611111111111112,,2025-07,temporal
7,chicago_2025,lstm,0,f1,0.6875,,2025-08,temporal
7,chicago_2025,lstm,0,f1,0.775,,2025-09,temporal
7,chicago_2025,lstm,0,f1,0.5957446808510638,,2025-10,temporal
7,chicago_2025,lstm,0,f1,0.3333333333333333,,2025-11,temporal
7,chicago_2025,lstm,0,f1,0.15384615384615383,,2025-12,temporal
7,chicago_2025,random_forest,0,f1,0.0,,2024-12,temporal
7,chicago_2025,random_forest,0,f1,0.3529411764705882,,2025-01,temporal
7,chicago_2025,random_forest,0,f1,0.6,,2025-02,temporal
7,chicago_2025,random_forest,0,f1,0.48,,2025-03,temporal
7,chicago_2025,random_forest,0,f1,0.7272727272727272,,2025-04,temporal
7,chicago_2025,random_forest,0,f1,0.7999999999999999,,2025-05,temporal
7,chicago_2025,random_forest,0,f1,0.898876404494382,,2025-06,temporal
7,chicago_2025,random_forest,0,f1,0.8767123287671234,,2025-07,temporal
7,chicago_2025,random_forest,0,f1,0.7,,2025-08,temporal
7,chicago_2025,random_forest,0,f1,0.7741935483870968,,2025-09,temporal
7,chicago_2025,random_forest,0,f1,0.7692307692307693,,2025-10,temporal
7,chicago_2025,random_forest,0,f1,0.5263157894736842,,2025-11,temporal
7,chicago_2025,random_forest,0,f1,0.5714285714285715,,2025-12,temporal
7,nibrs,baseline_persistence,0,f1,0.9,,2024-01,temporal
7,nibrs,baseline_persistence,0,f1,0.9542483660130718,,2024-02,temporal
7,nibrs,baseline_persistence,0,f1,0.9559748427672956,,2024-03,temporal
7,nibrs,baseline_persistence,0,f1,0.9253731343283583,,2024-04,temporal
7,nibrs,baseline_persistence,0,f1,0.96,,2024-05,temporal
7,nibrs,baseline_persistence,0,f1,0.9673202614379085,,2024-06,temporal
7,nibrs,baseline_persistence,0,f1,0.9533678756476685,,2024-07,temporal
7,nibrs,baseline_persistence,0,f1,0.948051948051948,,2024-08,temporal
7,nibrs,baseline_persistence,0,f1,0.9435897435897437,,2024-09,temporal
7,nibrs,baseline_persistence,0,f1,0.9403973509933775,,2024-10,temporal
7,nibrs,baseline_persistence,0,f1,0.9496402877697843,,2024-11,temporal
7,nibrs,baseline_persistence,0,f1,0.8617886178861789,,2024-12,temporal
7,nibrs,logistic_regression,0,f1,0.5384615384615384,,2024-01,temporal
7,nibrs,logistic_regression,0,f1,0.4752475247524752,,2024-02,temporal
7,nibrs,logistic_regression,0,f1,0.5185185185185185,,2024-03,temporal
7,nibrs,logistic_regression,0,f1,0.5957446808510638,,2024-04,temporal
7,nibrs,logistic_regression,0,f1,0.728813559322034,,2024-05,temporal
7,nibrs,logistic_regression,0,f1,0.6949152542372882,,2024-06,temporal
7,nibrs,logistic_regression,0,f1,0.684931506849315,,2024-07,temporal
7,nibrs,logistic_regression,0,f1,0.6949152542372882,,2024-08,temporal
7,nibrs,logistic_regression,0,f1,0.7019867549668874,,2024-09,temporal
7,nibrs,logistic_regression,0,f1,0.6486486486486487,,2024-10,temporal
7,nibrs,logistic_regression,0,f1,0.6407766990291262,,2024-11,temporal
7,nibrs,logistic_regression,0,f1,0.6436781609195402,,2024-12,temporal
7,nibrs,lstm,0,f1,0.0,,2024-01,temporal
7,nibrs,lstm,0,f1,0.025641025641025647,,2024-02,temporal
7,nibrs,lstm,0,f1,0.0,,2024-03,temporal
7,nibrs,lstm,0,f1,0.21621621621621626,,2024-04,temporal
7,nibrs,lstm,0,f1,0.4210526315789474,,2024-05,temporal
7,nibrs,lstm,0,f1,0.5272727272727273,,2024-06,temporal
7,nibrs,lstm,0,f1,0.611111111111111,,2024-07,temporal
7,nibrs,lstm,0,f1,0.6194690265486725,,2024-08,temporal
7,nibrs,lstm,0,f1,0.6,,2024-09,temporal
7,nibrs,lstm,0,f1,0.6238532110091742,,2024-10,temporal
7,nibrs,lstm,0,f1,0.6274509803921569,,2024-11,temporal
7,nibrs,lstm,0,f1,0.5411764705882354,,2024-12,temporal
7,nibrs,random_forest,0,f1,0.9473684210526315,,2024-01,temporal
7,nibrs,random_forest,0,f1,0.9536423841059603,,2024-02,temporal
7,nibrs,random_forest,0,f1,0.961038961038961,,2024-03,temporal
7,nibrs,random_forest,0,f1,0.9435897435897437,,2024-04,temporal
7,nibrs,random_forest,0,f1,0.9801324503311258,,2024-05,temporal
7,nibrs,random_forest,0,f1,0.9605263157894737,,2024-06,temporal
7,nibrs,random_forest,0,f1,0.9633507853403142,,2024-07,temporal
7,nibrs,random_forest,0,f1,0.948051948051948,,2024-08,temporal
7,nibrs,random_forest,0,f1,0.9574468085106383,,2024-09,temporal
7,nibrs,random_forest,0,f1,0.9387755102040817,,2024-10,temporal
7,nibrs,random_forest,0,f1,0.9781021897810218,,2024-11,temporal
7,nibrs,random_forest,0,f1,0.8813559322033898,,2024-12,temporal
7,chicago_2025,baseline_persistence,1,f1,0.0,,2024-12,temporal
7,chicago_2025,baseline_persistence,1,f1,0.3529411764705882,,2025-01,temporal
7,chicago_2025,baseline_persistence,1,f1,0.5,,2025-02,temporal
7,chicago_2025,baseline_persistence,1,f1,0.5,,2025-03,temporal
7,chicago_2025,baseline_persistence,1,f1,0.6818181818181819,,2025-04,temporal
7,chicago_2025,baseline_persistence,1,f1,0.6923076923076923,,2025-05,temporal
7,chicago_2025,baseline_persistence,1,f1,0.8433734939759037,,2025-06,temporal
7,chicago_2025,baseline_persistence,1,f1,0.7941176470588236,,2025-07,temporal
7,chicago_2025,baseline_persistence,1,f1,0.6274509803921569,,2025-08,temporal
7,chicago_2025,baseline_persistence,1,f1,0.75,,2025-09,temporal
7,chicago_2025,baseline_persistence,1,f1,0.7777777777777777,,2025-10,temporal
7,chicago_2025,baseline_persistence,1,f1,0.47058823529411764,,2025-11,temporal
7,chicago_2025,baseline_persistence,1,f1,0.25,,2025-12,temporal
7,chicago_2025,logistic_regression,1,f1,0.0,,2024-12,temporal
7,chicago_2025,logistic_regression,1,f1,0.6363636363636365,,2025-01,temporal
7,chicago_2025,logistic_regression,1,f1,0.7692307692307693,,2025-02,temporal
7,chicago_2025,logistic_regression,1,f1,0.5555555555555556,,2025-03,temporal
7,chicago_2025,logistic_regression,1,f1,0.7272727272727273,,2025-04,temporal
7,chicago_2025,logistic_regression,1,f1,0.7878787878787878,,2025-05,temporal
7,chicago_2025,logistic_regression,1,f1,0.9130434782608696,,2025-06,temporal
7,chicago_2025,logistic_regression,1,f1,0.8648648648648648,,2025-07,temporal
7,chicago_2025,logistic_regression,1,f1,0.7575757575757575,,2025-08,temporal
7,chicago_2025,logistic_regression,1,f1,0.7948717948717949,,2025-09,temporal
7,chicago_2025,logistic_regression,1,f1,0.7272727272727273,,2025-10,temporal
7,chicago_2025,logistic_regression,1,f1,0.4,,2025-11,temporal
7,chicago_2025,logistic_regression,1,f1,0.5,,2025-12,temporal
7,chicago_2025,lstm,1,f1,0.0,,2024-12,temporal
7,chicago_2025,lstm,1,f1,0.3333333333333333,,2025-01,temporal
7,chicago_2025,lstm,1,f1,0.6,,2025-02,temporal
7,chicago_2025,lstm,1,f1,0.30769230769230765,,2025-03,temporal
7,chicago_2025,lstm,1,f1,0.6530612244897959,,2025-04,temporal
7,chicago_2025,lstm,1,f1,0.7142857142857143,,2025-05,temporal
7,chicago_2025,lstm,1,f1,0.9111111111111111,,2025-06,temporal
7,chicago_2025,lstm,1,f1,0.8421052631578948,,2025-07,temporal
7,chicago_2025,lstm,1,f1,0.7499999999999999,,2025-08,temporal
7,chicago_2025,lstm,1,f1,0.7222222222222222,,2025-09,temporal
7,chicago_2025,lstm,1,f1,0.5306122448979591,,2025-10,temporal
7,chicago_2025,lstm,1,f1,0.25,,2025-11,temporal
7,chicago_2025,lstm,1,f1,0.4285714285714285,,2025-12,temporal
7,chicago_2025,random_forest,1,f1,0.0,,2024-12,temporal
7,chicago_2025,random_forest,1,f1,0.4444444444444445,,2025-01,temporal
7,chicago_2025,random_forest,1,f1,0.6,,2025-02,temporal
7,chicago_2025,random_forest,1,f1,0.4166666666666667,,2025-03,temporal
7,chicago_2025,random_forest,1,f1,0.7906976744186046,,2025-04,temporal
7,chicago_2025,random_forest,1,f1,0.7796610169491525,,2025-05,temporal
7,chicago_2025,random_forest,1,f1,0.888888888888889,,2025-06,temporal
7,chicago_2025,random_forest,1,f1,0.8767123287671234,,2025-07,temporal
7,chicago_2025,random_forest,1,f1,0.721311475409836,,2025-08,temporal
7,chicago_2025,random_forest,1,f1,0.8125000000000001,,2025-09,temporal
7,chicago_2025,random_forest,1,f1,0.7692307692307693,,2025-10,temporal
7,chicago_2025,random_forest,1,f1,0.5,,2025-11,temporal
7,chicago_2025,random_forest,1,f1,0.6666666666666666,,2025-12,temporal
7,nibrs,baseline_persistence,1,f1,0.9,,2024-01,temporal
7,nibrs,baseline_persistence,1,f1,0.9542483660130718,,2024-02,temporal
7,nibrs,baseline_persistence,1,f1,0.9559748427672956,,2024-03,temporal
7,nibrs,baseline_persistence,1,f1,0.9253731343283583,,2024-04,temporal
7,nibrs,baseline_persistence,1,f1,0.96,,2024-05,temporal
7,nibrs,baseline_persistence,1,f1,0.9673202614379085,,2024-06,temporal
7,nibrs,baseline_persistence,1,f1,0.9533678756476685,,2024-07,temporal
7,nibrs,baseline_persistence,1,f1,0.948051948051948,,2024-08,temporal
7,nibrs,baseline_persistence,1,f1,0.9435897435897437,,2024-09,temporal
7,nibrs,baseline_persistence,1,f1,0.9403973509933775,,2024-10,temporal
7,nibrs,baseline_persistence,1,f1,0.9496402877697843,,2024-11,temporal
7,nibrs,baseline_persistence,1,f1,0.8617886178861789,,2024-12,temporal
7,nibrs,logistic_regression,1,f1,0.4799999999999999,,2024-01,temporal
7,nibrs,logistic_regression,1,f1,0.4444444444444445,,2024-02,temporal
7,nibrs,logistic_regression,1,f1,0.4,,2024-03,temporal
7,nibrs,logistic_regression,1,f1,0.4409448818897638,,2024-04,temporal
7,nibrs,logistic_regression,1,f1,0.5714285714285715,,2024-05,temporal
7,nibrs,logistic_regression,1,f1,0.5192307692307693,,2024-06,temporal
7,nibrs,logistic_regression,1,f1,0.5116279069767442,,2024-07,temporal
7,nibrs,logistic_regression,1,f1,0.4752475247524752,,2024-08,temporal
7,nibrs,logistic_regression,1,f1,0.5038167938931297,,2024-09,temporal
7,nibrs,logistic_regression,1,f1,0.48484848484848486,,2024-10,temporal
7,nibrs,logistic_regression,1,f1,0.5263157894736842,,2024-11,temporal
7,nibrs,logistic_regression,1,f1,0.5526315789473685,,2024-12,temporal
7,nibrs,lstm,1,f1,0.0,,2024-01,temporal
7,nibrs,lstm,1,f1,0.2890173410404624,,2024-02,temporal
7,nibrs,lstm,1,f1,0.2484472049689441,,2024-03,temporal
7,nibrs,lstm,1,f1,0.1640625,,2024-04,temporal
7,nibrs,lstm,1,f1,0.15151515151515152,,2024-05,temporal
7,nibrs,lstm,1,f1,0.19736842105263155,,2024-06,temporal
7,nibrs,lstm,1,f1,0.26666666666666666,,2024-07,temporal
7,nibrs,lstm,1,f1,0.346268656716418,,2024-08,temporal
7,nibrs,lstm,1,f1,0.4092071611253197,,2024-09,temporal
7,nibrs,lstm,1,f1,0.47368421052631576,,2024-10,temporal
7,nibrs,lstm,1,f1,0.5213675213675213,,2024-11,temporal
7,nibrs,lstm,1,f1,0.44554455445544555,,2024-12,temporal
7,nibrs,random_forest,1,f1,0.9473684210526315,,2024-01,temporal
7,nibrs,random_forest,1,f1,0.9411764705882352,,2024-02,temporal
7,nibrs,random_forest,1,f1,0.961038961038961,,2024-03,temporal
7,nibrs,random_forest,1,f1,0.9435897435897437,,2024-04,temporal
7,nibrs,random_forest,1,f1,0.9801324503311258,,2024-05,temporal
7,nibrs,random_forest,1,f1,0.9542483660130718,,2024-06,temporal
7,nibrs,random_forest,1,f1,0.96875,,2024-07,temporal
7,nibrs,random_forest,1,f1,0.9419354838709677,,2024-08,temporal
7,nibrs,random_forest,1,f1,0.9633507853403142,,2024-09,temporal
7,nibrs,random_forest,1,f1,0.9387755102040817,,2024-10,temporal
7,nibrs,random_forest,1,f1,0.9635036496350364,,2024-11,temporal
7,nibrs,random_forest,1,f1,0.8813559322033898,,2024-12,temporal
7,chicago_2025,baseline_persistence,2,f1,0.0,,2024-12,temporal
7,chicago_2025,baseline_persistence,2,f1,0.3529411764705882,,2025-01,temporal
7,chicago_2025,baseline_persistence,2,f1,0.5,,2025-02,temporal
7,chicago_2025,baseline_persistence,2,f1,0.5,,2025-03,temporal
7,chicago_2025,baseline_persistence,2,f1,0.6818181818181819,,2025-04,temporal
7,chicago_2025,baseline_persistence,2,f1,0.6923076923076923,,2025-05,temporal
7,chicago_2025,baseline_persistence,2,f1,0.8433734939759037,,2025-06,temporal
7,chicago_2025,baseline_persistence,2,f1,0.7941176470588236,,2025-07,temporal
7,chicago_2025,baseline_persistence,2,f1,0.6274509803921569,,2025-08,temporal
7,chicago_2025,baseline_persistence,2,f1,0.75,,2025-09,temporal
7,chicago_2025,baseline_persistence,2,f1,0.7777777777777777,,2025-10,temporal
7,chicago_2025,baseline_persistence,2,f1,0.47058823529411764,,2025-11,temporal
7,chicago_2025,baseline_persistence,2,f1,0.25,,2025-12,temporal
7,chicago_2025,logistic_regression,2,f1,0.0,,2024-12,temporal
7,chicago_2025,logistic_regression,2,f1,0.6666666666666666,,2025-01,temporal
7,chicago_2025,logistic_regression,2,f1,0.7692307692307693,,2025-02,temporal
7,chicago_2025,logistic_regression,2,f1,0.5555555555555556,,2025-03,temporal
7,chicago_2025,logistic_regression,2,f1,0.7547169811320754,,2025-04,temporal
7,chicago_2025,logistic_regression,2,f1,0.7878787878787878,,2025-05,temporal
7,chicago_2025,logistic_regression,2,f1,0.9130434782608696,,2025-06,temporal
7,chicago_2025,logistic_regression,2,f1,0.8648648648648648,,2025-07,temporal
7,chicago_2025,logistic_regression,2,f1,0.7575757575757575,,2025-08,temporal
7,chicago_2025,logistic_regression,2,f1,0.7948717948717949,,2025-09,temporal
7,chicago_2025,logistic_regression,2,f1,0.7272727272727273,,2025-10,temporal
7,chicago_2025,logistic_regression,2,f1,0.3846153846153846,,2025-11,temporal
7,chicago_2025,logistic_regression,2,f1,0.4444444444444445,,2025-12,temporal
7,chicago_2025,lstm,2,f1,0.0,,2024-12,temporal
7,chicago_2025,lstm,2,f1,0.6428571428571429,,2025-01,temporal
7,chicago_2025,lstm,2,f1,0.7142857142857143,,2025-02,temporal
7,chicago_2025,lstm,2,f1,0.43478260869565216,,2025-03,temporal
7,chicago_2025,lstm,2,f1,0.6,,2025-04,temporal
7,chicago_2025,lstm,2,f1,0.8064516129032259,,2025-05,temporal
7,chicago_2025,lstm,2,f1,0.923076923076923,,2025-06,temporal
7,chicago_2025,lstm,2,f1,0.8767123287671234,,2025-07,temporal
7,chicago_2025,lstm,2,f1,0.7058823529411765,,2025-08,temporal
7,chicago_2025,lstm,2,f1,0.7199999999999999,,2025-09,temporal
7,chicago_2025,lstm,2,f1,0.6511627906976744,,2025-10,temporal
7,chicago_2025,lstm,2,f1,0.2857142857142857,,2025-11,temporal
7,chicago_2025,lstm,2,f1,0.28571428571428575,,2025-12,temporal
7,chicago_2025,random_forest,2,f1,0.0,,2024-12,temporal
7,chicago_2025,random_forest,2,f1,0.47058823529411764,,2025-01,temporal
7,chicago_2025,random_forest,2,f1,0.5454545454545454,,2025-02,temporal
7,chicago_2025,random_forest,2,f1,0.48,,2025-03,temporal
7,chicago_2025,random_forest,2,f1,0.7727272727272727,,2025-04,temporal
7,chicago_2025,random_forest,2,f1,0.8070175438596491,,2025-05,temporal
7,chicago_2025,random_forest,2,f1,0.888888888888889,,2025-06,temporal
7,chicago_2025,random_forest,2,f1,0.8767123287671234,,2025-07,temporal
7,chicago_2025,random_forest,2,f1,0.7333333333333334,,2025-08,temporal
7,chicago_2025,random_forest,2,f1,0.8125000000000001,,2025-09,temporal
7,chicago_2025,random_forest,2,f1,0.75,,2025-10,temporal
7,chicago_2025,random_forest,2,f1,0.5263157894736842,,2025-11,temporal
7,chicago_2025,random_forest,2,f1,0.6666666666666666,,2025-12,temporal
7,nibrs,baseline_persistence,2,f1,0.9,,2024-01,temporal
7,nibrs,baseline_persistence,2,f1,0.9542483660130718,,2024-02,temporal
7,nibrs,baseline_persistence,2,f1,0.9559748427672956,,2024-03,temporal
7,nibrs,baseline_persistence,2,f1,0.9253731343283583,,2024-04,temporal
7,nibrs,baseline_persistence,2,f1,0.96,,2024-05,temporal
7,nibrs,baseline_persistence,2,f1,0.9673202614379085,,2024-06,temporal
7,nibrs,baseline_persistence,2,f1,0.9533678756476685,,2024-07,temporal
7,nibrs,baseline_persistence,2,f1,0.948051948051948,,2024-08,temporal
7,nibrs,baseline_persistence,2,f1,0.9435897435897437,,2024-09,temporal
7,nibrs,baseline_persistence,2,f1,0.9403973509933775,,2024-10,temporal
7,nibrs,baseline_persistence,2,f1,0.9496402877697843,,2024-11,temporal
7,nibrs,baseline_persistence,2,f1,0.8617886178861789,,2024-12,temporal
7,nibrs,logistic_regression,2,f1,0.5384615384615384,,2024-01,temporal
7,nibrs,logistic_regression,2,f1,0.45999999999999996,,2024-02,temporal
7,nibrs,logistic_regression,2,f1,0.4313725490196079,,2024-03,temporal
7,nibrs,logistic_regression,2,f1,0.4651162790697675,,2024-04,temporal
7,nibrs,logistic_regression,2,f1,0.6363636363636364,,2024-05,temporal
7,nibrs,logistic_regression,2,f1,0.6126126126126126,,2024-06,temporal
7,nibrs,logistic_regression,2,f1,0.5230769230769231,,2024-07,temporal
7,nibrs,logistic_regression,2,f1,0.5740740740740741,,2024-08,temporal
7,nibrs,logistic_regression,2,f1,0.6293706293706294,,2024-09,temporal
7,nibrs,logistic_regression,2,f1,0.5981308411214953,,2024-10,temporal
7,nibrs,logistic_regression,2,f1,0.5416666666666666,,2024-11,temporal
7,nibrs,logistic_regression,2,f1,0.5641025641025641,,2024-12,temporal
7,nibrs,lstm,2,f1,0.5384615384615384,,2024-01,temporal
7,nibrs,lstm,2,f1,0.8153846153846155,,2024-02,temporal
7,nibrs,lstm,2,f1,0.7945205479452054,,2024-03,temporal
7,nibrs,lstm,2,f1,0.5522388059701494,,2024-04,temporal
7,nibrs,lstm,2,f1,0.1895424836601307,,2024-05,temporal
7,nibrs,lstm,2,f1,0.17126269956458637,,2024-06,temporal
7,nibrs,lstm,2,f1,0.16646848989298454,,2024-07,temporal
7,nibrs,lstm,2,f1,0.14964028776978416,,2024-08,temporal
7,nibrs,lstm,2,f1,0.21753246753246752,,2024-09,temporal
7,nibrs,lstm,2,f1,0.6428571428571429,,2024-10,temporal
7,nibrs,lstm,2,f1,0.5925925925925927,,2024-11,temporal
7,nibrs,lstm,2,f1,0.49557522123893805,,2024-12,temporal
7,nibrs,random_forest,2,f1,0.9473684210526315,,2024-01,temporal
7,nibrs,random_forest,2,f1,0.935064935064935,,2024-02,temporal
7,nibrs,random_forest,2,f1,0.961038961038961,,2024-03,temporal
7,nibrs,random_forest,2,f1,0.9435897435897437,,2024-04,temporal
7,nibrs,random_forest,2,f1,0.9801324503311258,,2024-05,temporal
7,nibrs,random_forest,2,f1,0.9542483660130718,,2024-06,temporal
7,nibrs,random_forest,2,f1,0.9633507853403142,,2024-07,temporal
7,nibrs,random_forest,2,f1,0.948051948051948,,2024-08,temporal
7,nibrs,random_forest,2,f1,0.9473684210526316,,2024-09,temporal
7,nibrs,random_forest,2,f1,0.9459459459459458,,2024-10,temporal
7,nibrs,random_forest,2,f1,0.9640287769784173,,2024-11,temporal
7,nibrs,random_forest,2,f1,0.8813559322033898,,2024-12,temporal
7,chicago_2025,baseline_persistence,0,auc,0.5985559534143519,,,neighbor_overall
7,chicago_2025,baseline_persistence,0,f1,0.34477825464949924,,,neighbor_overall
7,chicago_2025,baseline_persistence,0,recall,0.2092013888888889,,,neighbor_overall
7,chicago_2025,baseline_persistence,0,precision,0.9796747967479674,,,neighbor_overall
7,chicago_2025,logistic_regression,0,auc,0.6220341435185185,,,neighbor_overall
7,chicago_2025,logistic_regression,0,f1,0.45611702127659587,,,neighbor_overall
7,chicago_2025,logistic_regression,0,recall,0.2977430555555556,,,neighbor_overall
7,chicago_2025,logistic_regression,0,precision,0.9744318181818182,,,neighbor_overall
7,chicago_2025,lstm,0,auc,0.5235279224537037,,,neighbor_overall
7,chicago_2025,lstm,0,f1,0.4321404456448346,,,neighbor_overall
7,chicago_2025,lstm,0,recall,0.2777777777777778,,,neighbor_overall
7,chicago_2025,lstm,0,precision,0.9726443768996961,,,neighbor_overall
7,chicago_2025,random_forest,0,auc,0.5964129412615741,,,neighbor_overall
7,chicago_2025,random_forest,0,f1,0.3588652482269504,,,neighbor_overall
7,chicago_2025,random_forest,0,recall,0.21961805555555555,,,neighbor_overall
7,chicago_2025,random_forest,0,precision,0.9806201550387597,,,neighbor_overall
7,nibrs,baseline_persistence,0,auc,,,,neighbor_overall
7,nibrs,baseline_persistence,0,f1,0.0442808003488203,,,neighbor_overall
7,nibrs,baseline_persistence,0,recall,0.02264169639318272,,,neighbor_overall
7,nibrs,baseline_persistence,0,precision,1.0,,,neighbor_overall
7,nibrs,logistic_regression,0,auc,,,,neighbor_overall
7,nibrs,logistic_regression,0,f1,0.021127968822765263,,,neighbor_overall
7,nibrs,logistic_regression,0,recall,0.010676773682124455,,,neighbor_overall
7,nibrs,logistic_regression,0,precision,1.0,,,neighbor_overall
7,nibrs,lstm,0,auc,,,,neighbor_overall
7,nibrs,lstm,0,f1,0.014265335235378032,,,neighbor_overall
7,nibrs,lstm,0,recall,0.007183908045977011,,,neighbor_overall
7,nibrs,lstm,0,precision,1.0,,,neighbor_overall
7,nibrs,random_forest,0,auc,,,,neighbor_overall
7,nibrs,random_forest,0,f1,0.04262128154774892,,,neighbor_overall
7,nibrs,random_forest,0,recall,0.021774673008323423,,,neighbor_overall
7,nibrs,random_forest,0,precision,1.0,,,neighbor_overall
7,chicago_2025,baseline_persistence,1,auc,0.5985559534143519,,,neighbor_overall
7,chicago_2025,baseline_persistence,1,f1,0.34477825464949924,,,neighbor_overall
7,chicago_2025,baseline_persistence,1,recall,0.2092013888888889,,,neighbor_overall
7,chicago_2025,baseline_persistence,1,precision,0.9796747967479674,,,neighbor_overall
7,chicago_2025,logistic_regression,1,auc,0.6323603877314815,,,neighbor_overall
7,chicago_2025,logistic_regression,1,f1,0.44593687038280727,,,neighbor_overall
7,chicago_2025,logistic_regression,1,recall,0.2881944444444444,,,neighbor_overall
7,chicago_2025,logistic_regression,1,precision,0.9851632047477745,,,neighbor_overall
7,chicago_2025,lstm,1,auc,0.5507993344907407,,,neighbor_overall
7,chicago_2025,lstm,1,f1,0.41632653061224495,,,neighbor_overall
7,chicago_2025,lstm,1,recall,0.265625,,,neighbor_overall
7,chicago_2025,lstm,1,precision,0.9622641509433962,,,neighbor_overall
7,chicago_2025,random_forest,1,auc,0.5722972728587964,,,neighbor_overall
7,chicago_2025,random_forest,1,f1,0.3683839096683133,,,neighbor_overall
7,chicago_2025,random_forest,1,recall,0.2265625,,,neighbor_overall
7,chicago_2025,random_forest,1,precision,0.9849056603773585,,,neighbor_overall
7,nibrs,baseline_persistence,1,auc,,,,neighbor_overall
7,nibrs,baseline_persistence,1,f1,0.0442808003488203,,,neighbor_overall
7,nibrs,baseline_persistence,1,recall,0.02264169639318272,,,neighbor_overall
7,nibrs,baseline_persistence,1,precision,1.0,,,neighbor_overall
7,nibrs,logistic_regression,1,auc,,,,neighbor_overall
7,nibrs,logistic_regression,1,f1,0.01446067581525749,,,neighbor_overall
7,nibrs,logistic_regression,1,recall,0.007282996432818074,,,neighbor_overall
7,nibrs,logistic_regression,1,precision,1.0,,,neighbor_overall
7,nibrs,lstm,1,auc,,,,neighbor_overall
7,nibrs,lstm,1,f1,0.09880845853153111,,,neighbor_overall
7,nibrs,lstm,1,recall,0.05197185889813714,,,neighbor_overall
7,nibrs,lstm,1,precision,1.0,,,neighbor_overall
7,nibrs,random_forest,1,auc,,,,neighbor_overall
7,nibrs,random_forest,1,f1,0.0430008483820143,,,neighbor_overall
7,nibrs,random_forest,1,recall,0.02197284978200555,,,neighbor_overall
7,nibrs,random_forest,1,precision,1.0,,,neighbor_overall
7,chicago_2025,baseline_persistence,2,auc,0.5985559534143519,,,neighbor_overall
7,chicago_2025,baseline_persistence,2,f1,0.34477825464949924,,,neighbor_overall
7,chicago_2025,baseline_persistence,2,recall,0.2092013888888889,,,neighbor_overall
7,chicago_2025,baseline_persistence,2,precision,0.9796747967479674,,,neighbor_overall
7,chicago_2025,logistic_regression,2,auc,0.6269621672453703,,,neighbor_overall
7,chicago_2025,logistic_regression,2,f1,0.44489247311827956,,,neighbor_overall
7,chicago_2025,logistic_regression,2,recall,0.2873263888888889,,,neighbor_overall
7,chicago_2025,logistic_regression,2,precision,0.9851190476190477,,,neighbor_overall
7,chicago_2025,lstm,2,auc,0.4893934461805556,,,neighbor_overall
7,chicago_2025,lstm,2,f1,0.41717791411042937,,,neighbor_overall
7,chicago_2025,lstm,2,recall,0.265625,,,neighbor_overall
7,chicago_2025,lstm,2,precision,0.9714285714285714,,,neighbor_overall
7,chicago_2025,random_forest,2,auc,0.5699010778356481,,,neighbor_overall
7,chicago_2025,random_forest,2,f1,0.36723163841807915,,,neighbor_overall
7,chicago_2025,random_forest,2,recall,0.22569444444444445,,,neighbor_overall
7,chicago_2025,random_forest,2,precision,0.9848484848484849,,,neighbor_overall
7,nibrs,baseline_persistence,2,auc,,,,neighbor_overall
7,nibrs,baseline_persistence,2,f1,0.0442808003488203,,,neighbor_overall
7,nibrs,baseline_persistence,2,recall,0.02264169639318272,,,neighbor_overall
7,nibrs,baseline_persistence,2,precision,1.0,,,neighbor_overall
7,nibrs,logistic_regression,2,auc,,,,neighbor_overall
7,nibrs,logistic_regression,2,f1,0.016850482670531308,,,neighbor_overall
7,nibrs,logistic_regression,2,recall,0.008496829171621086,,,neighbor_overall
7,nibrs,logistic_regression,2,precision,1.0,,,neighbor_overall
7,nibrs,lstm,2,auc,,,,neighbor_overall
7,nibrs,lstm,2,f1,0.1601567841028212,,,neighbor_overall
7,nibrs,lstm,2,recall,0.08704914783987316,,,neighbor_overall
7,nibrs,lstm,2,precision,1.0,,,neighbor_overall
7,nibrs,random_forest,2,auc,,,,neighbor_overall
7,nibrs,random_forest,2,f1,0.04304828388598022,,,neighbor_overall
7,nibrs,random_forest,2,recall,0.021997621878715814,,,neighbor_overall
7,nibrs,random_forest,2,precision,1.0,,,neighbor_overall
